id,Atelectasis,Cardiomegaly,Consolidation,Edema,Effusion,Emphysema,Fibrosis,Hernia,Infiltration,Mass,Nodule,Pleural_Thickening,Pneumonia,Pneumothorax,Pneumoperitoneum,Pneumomediastinum,Subcutaneous Emphysema,Tortuous Aorta,Calcification of the Aorta,No Finding
7b647fbfcc874a7084a4470fc150e267.png,0,0,0,0,0,0,0,0,0,0,0,0,0,0,0,0,0,0,0,1
cc804b94d80c4a80a206298c307adfec.png,0,0,0,0,0,0,0,0,0,0,0,0,0,0,0,0,0,0,0,1
1df09c3becd04de995244caae36ddf57.png,0,0,0,0,0,0,0,0,0,0,0,0,0,0,0,0,0,0,0,1
044cac47cfdf4c8b90848c9e56c36bfa.png,0,0,0,0,0,0,0,0,0,0,0,0,0,0,0,0,0,0,0,1
a873523c43664a049c5e8f26add7ecb2.png,0,0,0,0,0,0,0,0,0,0,0,0,0,0,0,0,0,0,0,1
702afbb58a0c4d09aaccab5b4d82dd1b.png,0,0,0,0,0,0,0,0,0,0,0,0,0,0,0,0,0,0,0,1
71aac847e86d46c7b133f0e80257626c.png,0,0,0,0,0,0,0,0,0,0,0,0,0,0,0,0,0,0,0,1
df58ae5dcae841888e7ab590c29cd930.png,0,0,0,0,0,0,0,0,0,0,0,0,0,0,0,0,0,0,0,1
f1969e0bb0f9452fbc45d6257d870b50.png,0,0,0,0,0,0,0,0,0,0,0,0,0,0,0,0,0,0,0,1
673e834df2234e508e4ee7881b11b18b.png,0,0,0,0,0,0,0,0,0,0,0,0,0,0,0,0,0,0,0,1
